{
  "row06": {
    "clone_sec": 0.7174880504608154,
    "checkout_sec": 0.030760765075683594,
    "compile_sec": 9.973208665847778,
    "victim_alone_sec": 6.579179763793945,
    "polluter_victim_sec": 12.096414804458618,
    "source_locate_sec": 0.052332162857055664,
    "error_extract_sec": 0.010666847229003906,
    "total_sec": 29.4600510597229
  },
  "row19": {
    "clone_sec": 0.36765313148498535,
    "checkout_sec": 0.027671098709106445,
    "compile_sec": 12.120100975036621,
    "victim_alone_sec": 6.006698846817017,
    "polluter_victim_sec": 15.511404037475586,
    "source_locate_sec": 0.03318595886230469,
    "error_extract_sec": 0.0041730403900146484,
    "total_sec": 34.070887088775635
  },
  "row23": {
    "clone_sec": 3.98561692237854,
    "checkout_sec": 0.2081289291381836,
    "compile_sec": 7.555332899093628,
    "victim_alone_sec": 4.6882758140563965,
    "polluter_victim_sec": 12.5239999294281,
    "source_locate_sec": 0.035292863845825195,
    "error_extract_sec": 0.0025179386138916016,
    "total_sec": 28.999165296554565
  }
}