{
  "row01": {
    "clone_sec": 1.8008151054382324,
    "checkout_sec": 0.7887587547302246,
    "compile_sec": 41.43900918960571,
    "victim_alone_sec": 8.241112232208252,
    "polluter_victim_sec": 19.54867196083069,
    "source_locate_sec": 0.21335887908935547,
    "error_extract_sec": 0.01213383674621582,
    "total_sec": 72.04385995864868
  },
  "row02": {
    "clone_sec": 0.3102529048919678,
    "checkout_sec": 0.039835214614868164,
    "compile_sec": 9.57692813873291,
    "victim_alone_sec": 5.945815086364746,
    "polluter_victim_sec": 11.532112836837769,
    "source_locate_sec": 0.03076791763305664,
    "error_extract_sec": 0.0029239654541015625,
    "total_sec": 27.43863606452942
  },
  "row03": {
    "clone_sec": 0.3102529048919678,
    "checkout_sec": 0.039835214614868164,
    "compile_sec": 9.57692813873291,
    "victim_alone_sec": 5.738968133926392,
    "polluter_victim_sec": 11.64441704750061,
    "source_locate_sec": 0.02948284149169922,
    "error_extract_sec": 0.0031311511993408203,
    "total_sec": 27.343015432357788
  },
  "row04": {
    "clone_sec": 0.3102529048919678,
    "checkout_sec": 0.039835214614868164,
    "compile_sec": 9.57692813873291,
    "victim_alone_sec": 5.763529062271118,
    "polluter_victim_sec": 11.666913032531738,
    "source_locate_sec": 0.029468774795532227,
    "error_extract_sec": 0.003095865249633789,
    "total_sec": 27.39002299308777
  },
  "row05": {
    "clone_sec": 0.3102529048919678,
    "checkout_sec": 0.039835214614868164,
    "compile_sec": 9.57692813873291,
    "victim_alone_sec": 5.709270238876343,
    "polluter_victim_sec": 11.732297897338867,
    "source_locate_sec": 0.029970169067382812,
    "error_extract_sec": 0.0037660598754882812,
    "total_sec": 27.402320623397827
  },
  "row06": {
    "clone_sec": 0.3102529048919678,
    "checkout_sec": 0.039835214614868164,
    "compile_sec": 9.57692813873291,
    "victim_alone_sec": 6.1441569328308105,
    "polluter_victim_sec": 11.78533673286438,
    "source_locate_sec": 0.029139995574951172,
    "error_extract_sec": 0.003926753997802734,
    "total_sec": 27.88957667350769
  },
  "row07": {
    "clone_sec": 0.3102529048919678,
    "checkout_sec": 0.039835214614868164,
    "compile_sec": 9.57692813873291,
    "victim_alone_sec": 5.838820934295654,
    "polluter_victim_sec": 11.922098159790039,
    "source_locate_sec": 0.02858901023864746,
    "error_extract_sec": 0.0046427249908447266,
    "total_sec": 27.72116708755493
  },
  "row08": {
    "clone_sec": 0.3102529048919678,
    "checkout_sec": 0.039835214614868164,
    "compile_sec": 9.57692813873291,
    "victim_alone_sec": 6.014595985412598,
    "polluter_victim_sec": 11.660996198654175,
    "source_locate_sec": 0.028522968292236328,
    "error_extract_sec": 0.006781101226806641,
    "total_sec": 27.63791251182556
  },
  "row09": {
    "clone_sec": 0.3102529048919678,
    "checkout_sec": 0.039835214614868164,
    "compile_sec": 9.57692813873291,
    "victim_alone_sec": 5.893550872802734,
    "polluter_victim_sec": 11.605571031570435,
    "source_locate_sec": 0.030935049057006836,
    "error_extract_sec": 0.004091978073120117,
    "total_sec": 27.461165189743042
  },
  "row10": {
    "clone_sec": 0.3102529048919678,
    "checkout_sec": 0.039835214614868164,
    "compile_sec": 9.57692813873291,
    "victim_alone_sec": 5.942950010299683,
    "polluter_victim_sec": 11.873769044876099,
    "source_locate_sec": 0.02884817123413086,
    "error_extract_sec": 0.0036160945892333984,
    "total_sec": 27.77619957923889
  },
  "row11": {
    "clone_sec": 0.5529508590698242,
    "checkout_sec": 0.21116995811462402,
    "compile_sec": 12.925984144210815,
    "victim_alone_sec": 6.802097320556641,
    "polluter_victim_sec": 16.678379774093628,
    "source_locate_sec": 0.07830286026000977,
    "error_extract_sec": 0.004678964614868164,
    "total_sec": 37.25356388092041
  },
  "row12": {
    "clone_sec": 0.5529508590698242,
    "checkout_sec": 0.21116995811462402,
    "compile_sec": 12.925984144210815,
    "victim_alone_sec": 6.524850130081177,
    "polluter_victim_sec": 16.71704602241516,
    "source_locate_sec": 0.06006312370300293,
    "error_extract_sec": 0.003543853759765625,
    "total_sec": 36.99560809135437
  },
  "row13": {
    "clone_sec": 1.849606990814209,
    "checkout_sec": 0.5857491493225098,
    "compile_sec": 47.01801300048828,
    "victim_alone_sec": 9.40058708190918,
    "polluter_victim_sec": 26.03700613975525,
    "source_locate_sec": 0.09352397918701172,
    "error_extract_sec": 0.004289865493774414,
    "total_sec": 84.98877620697021
  },
  "row14": {
    "clone_sec": 1.8648462295532227,
    "checkout_sec": 0.6055822372436523,
    "compile_sec": 20.253348112106323,
    "victim_alone_sec": 8.629175186157227,
    "polluter_victim_sec": 13.875903844833374,
    "source_locate_sec": 0.1022348403930664,
    "error_extract_sec": 0.0033338069915771484,
    "total_sec": 45.33442425727844
  },
  "row15": {
    "clone_sec": 1.8298790454864502,
    "checkout_sec": 0.6934118270874023,
    "compile_sec": 14.198324918746948,
    "victim_alone_sec": 7.455647945404053,
    "polluter_victim_sec": 18.90603280067444,
    "source_locate_sec": 0.061929941177368164,
    "error_extract_sec": 0.0027761459350585938,
    "total_sec": 43.14800262451172
  },
  "row16": {
    "clone_sec": 1.8298790454864502,
    "checkout_sec": 0.6934118270874023,
    "compile_sec": 14.198324918746948,
    "victim_alone_sec": 4.9603071212768555,
    "polluter_victim_sec": 15.97966194152832,
    "source_locate_sec": 0.03740525245666504,
    "error_extract_sec": 0.0028448104858398438,
    "total_sec": 37.70183491706848
  },
  "row17": {
    "clone_sec": 1.849606990814209,
    "checkout_sec": 0.5857491493225098,
    "compile_sec": 47.01801300048828,
    "victim_alone_sec": 6.6327807903289795,
    "polluter_victim_sec": 24.256388664245605,
    "source_locate_sec": 0.05288505554199219,
    "error_extract_sec": 0.0028600692749023438,
    "total_sec": 80.39828372001648
  },
  "row18": {
    "clone_sec": 0.3890669345855713,
    "checkout_sec": 0.028682947158813477,
    "compile_sec": 11.19757604598999,
    "victim_alone_sec": 5.950194835662842,
    "polluter_victim_sec": 15.300571203231812,
    "source_locate_sec": 0.03300809860229492,
    "error_extract_sec": 0.0035719871520996094,
    "total_sec": 32.90267205238342
  },
  "row19": {
    "clone_sec": 0.3890669345855713,
    "checkout_sec": 0.028682947158813477,
    "compile_sec": 11.19757604598999,
    "victim_alone_sec": 5.674418926239014,
    "polluter_victim_sec": 14.815617084503174,
    "source_locate_sec": 0.03012704849243164,
    "error_extract_sec": 0.002955913543701172,
    "total_sec": 32.138444900512695
  },
  "row20": {
    "clone_sec": 0.3890669345855713,
    "checkout_sec": 0.028682947158813477,
    "compile_sec": 11.19757604598999,
    "victim_alone_sec": 5.62581992149353,
    "polluter_victim_sec": 15.241099119186401,
    "source_locate_sec": 0.03085613250732422,
    "error_extract_sec": 0.002947092056274414,
    "total_sec": 32.516048192977905
  },
  "row21": {
    "clone_sec": 0.5348401069641113,
    "checkout_sec": 0.17597007751464844,
    "compile_sec": 10.019490003585815,
    "victim_alone_sec": 4.902531862258911,
    "polluter_victim_sec": 10.526478052139282,
    "source_locate_sec": 0.031905174255371094,
    "error_extract_sec": 0.0026922225952148438,
    "total_sec": 26.193907499313354
  },
  "row22": {
    "clone_sec": 0.5348401069641113,
    "checkout_sec": 0.17597007751464844,
    "compile_sec": 10.019490003585815,
    "victim_alone_sec": 4.472502946853638,
    "polluter_victim_sec": 10.364085912704468,
    "source_locate_sec": 0.029191970825195312,
    "error_extract_sec": 0.0028769969940185547,
    "total_sec": 25.598958015441895
  },
  "row23": {
    "clone_sec": 1.1444790363311768,
    "checkout_sec": 0.3161952495574951,
    "compile_sec": 7.372972726821899,
    "victim_alone_sec": 5.557847023010254,
    "polluter_victim_sec": 12.366332292556763,